dk_name,bbr_slug,bbr_name,player_id
D'Angelo Russell,russeda01,D'Angelo Russell,51e25c42-79f9-35b7-bd88-c01e1adc645c
Devonte' Graham,grahade01,Devonte' Graham,1ba05444-55a2-33de-941f-c0aad58e3240
Devin Booker,bookede01,Devin Booker,1455dfbe-3963-3fb2-953e-20d61e872e18
Ben Simmons,simmobe01,Ben Simmons,b0139375-63a0-34bf-8879-310eb2945b24
Shai Gilgeous-Alexander,gilgesh01,Shai Gilgeous-Alexander,58543606-8440-3f0e-8de3-30a368542fb1
Terry Rozier,roziete01,Terry Rozier,9a450f1d-8ac3-3a74-b0e3-be9aaa5bcae0
Chris Paul,paulch01,Chris Paul,5d5b114e-2a08-3c23-a184-9d7e6dcff81b
Aaron Holiday,holidaa01,Aaron Holiday,5e4d6a72-80d0-3309-9ae9-f9e84290432d
Draymond Green,greendr01,Draymond Green,7d7ee400-9b05-313c-ab74-5e251ed68395
Dennis Schroder,schrode01,Dennis Schröder,96092a24-59c1-319e-bad0-ac71f5f7e8ad
Kendrick Nunn,nunnke01,Kendrick Nunn,80b8fbfc-496e-353b-b1c3-5d75514dcb1a
Goran Dragic,dragigo01,Goran Dragić,07358c57-65a9-3679-909a-e3121ad5711c
Tyler Herro,herroty01,Tyler Herro,f558a1b3-7c50-324f-8498-b99c6df6053f
Markelle Fultz,fultzma01,Markelle Fultz,419a8c31-4e1c-318a-b7fc-c303814aee5c
Alec Burks,burksal01,Alec Burks,8142c639-ed79-3ca8-97de-c4c8d89ab0df
Donte DiVincenzo,divindo01,Donte DiVincenzo,36e46816-310e-3fbf-a12e-db7e1f5d567d
T.J. McConnell,mccontj01,T.J. McConnell,18dc385f-470d-3236-ba5c-cf5060842a3a
Ricky Rubio,rubiori01,Ricky Rubio,36030f78-a0bb-3b01-bbaa-4ac8c3579bc1
Kevin Huerter,huertke01,Kevin Huerter,7bd75d08-5793-31e5-bd32-23e2336be787
Ky Bowman,bowmaky01,Ky Bowman,cc44ee10-d8c2-3ba3-b3f8-6a7e999a5d00
George Hill,hillge01,George Hill,6daa04bf-6a57-393a-b877-aa07e4c7abc9
DeAndre Bembry,bembrde01,DeAndre' Bembry,455f91c1-15bd-3566-9fc3-41827d0b4103
Malik Monk,monkma01,Malik Monk,a1c97ed4-dbb1-359b-b64d-ff80465ff065
Trae Young,youngtr01,Trae Young,beadd30d-3c73-3045-a9df-e80d04fe6125
Luguentz Dort,dortlu01,Luguentz Dort,a4f5317c-afc5-3cb1-adbd-0eb79f5d7b81
Jevon Carter,carteje01,Jevon Carter,5ee9ee9c-537a-39fd-adcd-42219b988a54
Tyler Johnson,johnsty01,Tyler Johnson,539f0c4c-99a6-3dae-99f7-f12c459b6648
Brandon Goodwin,goodwbr01,Brandon Goodwin,59c73faa-81a2-3983-9e72-179c50d0d055
D.J. Augustin,augusdj01,D.J. Augustin,5da94eae-0d55-3114-9f60-f1044bf14ac1
Trey Burke,burketr01,Trey Burke,15d3b0d0-5143-3fef-955c-8fb0048c4cd3
Jacob Evans III,evansja02,Jacob Evans,e8c4e7ab-c68b-3337-948e-d3ab8cd94437
Shake Milton,miltosh01,Shake Milton,bf81ab0a-5748-322b-88bf-5b208a3b87ec
Raul Neto,netora01,Raul Neto,23eae8c8-c770-37be-b5f6-9ec99d0bdc1d
Ty Jerome,jeromty01,Ty Jerome,e123b018-d1ed-3126-8f00-b61acc0feb15
Elie Okobo,okoboel01,Elie Okobo,1ecc3c1b-a299-36e8-b1ea-95ba4df64b65
Frank Mason III,masonfr01,Frank Mason,e3b9177d-4693-3a34-894f-d7e3cb87e376
Stephen Curry,curryst01,Stephen Curry,dc012b39-fa62-3f72-bae6-798c6225e7d6
Daryl Macon,maconda01,Daryl Macon,f8860fda-d6b3-3f71-96d7-4ae68d8fe4d2
Justise Winslow,winslju01,Justise Winslow,471b28cb-be30-3521-b660-f6e3eb66f301
Josh Magette,magetjo01,Josh Magette,9a348cc5-fa89-3b57-ae11-9470b3fc888e
Malcolm Brogdon,brogdma01,Malcolm Brogdon,6b5e5264-7596-39be-813f-2aa3b40c769e
Victor Oladipo,oladivi01,Victor Oladipo,4fe38742-eec7-3db1-8e41-e26007fb2fbd
Nazareth Mitrou-Long,mitrona01,Naz Mitrou-Long,13df1564-4fda-37ff-ba4c-f9b3bf18d5b8
Jalen Lecque,lecquja01,Jalen Lecque,65a032ab-0624-3ee1-bd67-13930250b2d1
Eric Bledsoe,bledser01,Eric Bledsoe,94d62a50-628e-3d79-97c7-7619b7992934
Michael Carter-Williams,cartemi01,Michael Carter-Williams,e1ceec7f-6cdc-322c-a8c1-c669df43a827
Jared Harper,harpeja01,Jared Harper,267807f3-bb40-3a81-8d5b-03a36d0766d5
Kobi Simmons,,,b31bc569-64ff-3277-9006-418946ffb184
Tobias Harris,harrito02,Tobias Harris,cdd84f29-a2e1-383b-a9a9-0fa65ce2127b
Khris Middleton,middlkh01,Khris Middleton,87ef98ac-6910-3db5-89a3-9fac6b1e26ec
Jimmy Butler,butleji01,Jimmy Butler,b0f77b6c-5366-326a-a86e-6999b1346b63
Aaron Gordon,gordoaa01,Aaron Gordon,eb1ac978-adf1-3b4e-b1d4-6e3a4a022dd3
Evan Fournier,fournev01,Evan Fournier,d2dbc672-154f-3994-baf6-ab2cf1269f26
Josh Richardson,richajo01,Josh Richardson,33193488-03c2-3e51-9be0-282ae1bc3f8f
Damion Lee,leeda03,Damion Lee,0c32d1a9-0fd6-3946-9990-b25b93f81c9e
Allen Crabbe,crabbal01,Allen Crabbe,f0abcb90-7bdc-3c78-8b3d-09842c73d814
Duncan Robinson,robindu01,Duncan Robinson,1ecac2cd-fb05-31b4-9b41-4e58a8334fa0
Pat Connaughton,connapa01,Pat Connaughton,2446026f-2562-3492-a413-f31928aac224
Dario Saric,saricda01,Dario Šarić,d78a8d12-3fc8-3031-979b-371456451608
Terrence Ross,rosste01,Terrence Ross,05361c02-bea9-32d9-86eb-54c5c0f850c2
T.J. Warren,warretj01,T.J. Warren,2d485ad0-508b-398a-88dc-4ec20f64bb19
Jeremy Lamb,lambje01,Jeremy Lamb,50ffafd3-776d-33a9-a06d-21f672a86db4
Glenn Robinson III,robingl02,Glenn Robinson,3e6f2e0c-ba63-3464-8d37-f0b699210a02
Edmond Sumner,sumneed01,Edmond Sumner,f3e68d47-7681-35cb-ae19-4a722bbd89e1
Miles Bridges,bridgmi02,Miles Bridges,32eb1815-4908-366b-8a2a-2e146a151ea4
Cam Reddish,reddica01,Cam Reddish,c4dfcdb9-01f5-3758-b1ba-c8fa327aae12
Cody Martin,martico01,Cody Martin,d3d508f7-316e-31fc-869e-084b27dbc045
Doug McDermott,mcderdo01,Doug McDermott,f11a3b37-52bd-30e3-97af-194c11d52732
Derrick Jones,jonesde02,Derrick Jones,913c9951-4894-3f46-bd58-5e44c9f479f5
Justin Holiday,holidju01,Justin Holiday,db8b4b15-20b8-311c-936e-1421c70f1eed
Jonathan Isaac,isaacjo01,Jonathan Isaac,40083b67-2ead-3978-b1b7-ed2ac4adca8f
Kyle Korver,korveky01,Kyle Korver,83478adf-729e-3647-ac80-ac139760570f
Cameron Johnson,johnsca02,Cameron Johnson,5967b5ab-ca03-32e5-9824-479f3b700964
Kelly Oubre,oubreke01,Kelly Oubre,71e375bc-02ff-35a0-bd31-494686d05cb6
Mikal Bridges,bridgmi01,Mikal Bridges,5c2dcf58-eb70-387f-876e-a842d117e87e
Furkan Korkmaz,korkmfu01,Furkan Korkmaz,be8c2764-39ad-3afe-92fb-3ee56f102ff9
Deonte Burton,burtode02,Deonte Burton,4e82e275-226e-3271-ab22-263f827b549d
Darius Bazley,bazleda01,Darius Bazley,fda31c5c-baab-3f88-82f2-745cba8d7034
Thanasis Antetokounmpo,antetth01,Thanasis Antetokounmpo,88a01cf6-97e3-3317-9748-7bd14bd9a04c
Sterling Brown,brownst02,Sterling Brown,d72d9207-4e2c-38bf-bd2b-6c2ffe0ef439
De'Andre Hunter,huntede01,De'Andre Hunter,ec321ebb-266d-3fbc-8f4f-f4bfef4ca4a6
Wes Matthews,matthwe02,Wesley Matthews,d05d5f31-6948-3db0-9712-1eb4cedf7790
Marvin Williams,willima02,Marvin Williams,eff16a2e-90d2-3072-bf6d-0fd13a86cc21
Wes Iwundu,iwundwe01,Wesley Iwundu,4b0305af-f72e-320c-8e8a-4074154ae067
Terrance Ferguson,fergute01,Terrance Ferguson,29fa53f4-9d57-324b-a01e-65a09dcbeae0
Abdel Nader,naderab01,Abdel Nader,0e62cdef-8a42-3ac1-89d8-7c2dd36d3568
Dwayne Bacon,bacondw01,Dwayne Bacon,891befe0-cbb3-388e-b8a8-29faa82eb511
Evan Turner,turneev01,Evan Turner,32a533a6-85bc-356b-9371-22a566138bd5
James Ennis,ennisja01,James Ennis,56577acb-178f-3471-8cd0-ca299d4ccb2c
Chandler Parsons,parsoch01,Chandler Parsons,24de0c37-4f3c-37b1-88ef-a55b56fe22de
Vince Carter,cartevi01,Vince Carter,b587b0a7-81fd-316f-abc0-9f16a65c8a5a
Mike Scott,scottmi01,Mike Scott,b2f1ba9d-5ecf-3d0b-98cb-fe4e27d18afa
Kevin Hervey,herveke01,Kevin Hervey,b0c38f3b-e79d-35ca-af71-04d4ff247a88
Jordan Poole,poolejo01,Jordan Poole,567f820d-f4ed-3f76-a55c-6d1b00d4f754
Melvin Frazier,frazime01,Melvin Frazier,c0307182-c5bb-3823-924b-94f969ac70b0
Dion Waiters,waitedi01,Dion Waiters,12dbb0b4-0a66-374d-991a-c560665fd521
Nicolas Batum,batumni01,Nicolas Batum,77f5e59e-6892-30df-992f-1ce1a0e390ca
James Johnson,johnsja01,James Johnson,2739a42b-4d87-310a-8060-8b0adeb7a23a
Michael Kidd-Gilchrist,kiddgmi01,Michael Kidd-Gilchrist,1bb04731-ff11-31bd-93b2-368cb14b648a
Udonis Haslem,hasleud01,Udonis Haslem,355cef1e-7b97-3e8b-b9ef-067202c8c9d0
Alize Johnson,johnsal02,Alize Johnson,168ddf24-a8c5-39a4-911e-e8871f14753e
JaKarr Sampson,sampsja02,JaKarr Sampson,a6b0c05c-24ee-3267-bc99-c69745a1d7cb
Cameron Reynolds,,,484ac73a-34b9-346c-b21b-7486eded8a15
Matisse Thybulle,thybuma01,Matisse Thybulle,a859eaca-d536-3e55-9ffd-fb4adfde500a
Robert Franks,,,52cd3a98-0951-3f61-8fd0-216e7a573a5a
Jalen McDaniels,mcdanja01,Jalen McDaniels,039acfc1-15cd-38b3-bab0-cb717aac8d16
Giannis Antetokounmpo,antetgi01,Giannis Antetokounmpo,a238df04-8105-38b2-9051-cc9f44e0cd41
Brian Bowen II,bowenbr02,Brian Bowen,a98366b1-e555-308b-b49e-6c6b69dc2c6d
Andre Roberson,roberan03,Andre Roberson,f47903cc-8f08-36bf-9862-d98f27df6ed9
Klay Thompson,,,2958b2d9-2cd4-3e1e-950c-6c54342ec5a1
Al-Farouq Aminu,aminual01,Al-Farouq Aminu,ce936a53-fd84-3bf6-bf21-8d9d44a77317
Eric Paschall,pascher01,Eric Paschall,cb3346ba-8f69-3c89-aa71-81b8d5f8270c
Danilo Gallinari,gallida01,Danilo Gallinari,551f2039-f937-3688-8911-caf918eece16
Charlie Brown,brownch02,Charlie Brown,a80a59ec-8dda-3bf4-b9ae-045ad1ea4141
Hamidou Diallo,diallha01,Hamidou Diallo,c73aa650-2088-39b2-a896-fd266022234d
B.J. Johnson,johnsbj01,B.J. Johnson,af0c710c-cc85-348f-ae0c-8472d931a0b7
Jabari Parker,parkeja01,Jabari Parker,9998d91d-c3c0-3f33-a289-a3493bbb53ea
KZ Okpala,okpalkz01,KZ Okpala,051835d3-f5d1-36fb-8a7f-eadd31be8837
Marial Shayok,shayoma01,Marial Shayok,0517fa6d-9d9e-3054-88e5-5cafed9c2350
Zhaire Smith,smithzh01,Zhaire Smith,afe31f08-0d61-3334-97b8-0037619d153a
Caleb Martin,martica02,Caleb Martin,9fbb389b-f3f4-38ce-97fd-09afc0cc9054
Bam Adebayo,adebaba01,Bam Adebayo,78e51ae8-293c-3121-95ac-386793efc002
Joel Embiid,embiijo01,Joel Embiid,004be66c-496b-3874-85f5-84f770f97ec5
Nikola Vucevic,vucevni01,Nikola Vučević,e286a035-517e-32f2-9e2b-2b81c6fd03f4
Ersan Ilyasova,ilyaser01,Ersan İlyasova,0f90df6d-130a-36d2-bb40-a8d8a47e8d81
Steven Adams,adamsst01,Steven Adams,5080c7f9-578a-35cb-a094-5bb0e41e91c4
John Collins,collijo01,John Collins,e9d52227-3304-3525-a8f3-335b02b6a086
Brook Lopez,lopezbr01,Brook Lopez,81ec0513-c734-3f95-a8d3-197414ac75ee
Bismack Biyombo,biyombi01,Bismack Biyombo,546e2fe0-1e67-31a2-ba32-c82a04762a39
Domantas Sabonis,sabondo01,Domantas Sabonis,64201504-db90-37ea-b16b-24816337b1da
Al Horford,horfoal01,Al Horford,0c87e258-869a-39a7-805e-35d7b6ae9cc7
Nerlens Noel,noelne01,Nerlens Noel,71bd49c4-8d32-3b0a-bdfb-691b5663a449
Myles Turner,turnemy01,Myles Turner,40bc2d6e-cf92-3cf3-bad7-c65e8cf9b1b2
Aron Baynes,baynear01,Aron Baynes,626f79d8-b9ac-3c85-8ea2-d9d980870456
Cody Zeller,zelleco01,Cody Zeller,2fd55973-b21f-37cf-b699-dc562717b92e
P.J. Washington,washipj01,P.J. Washington,fcd68eb2-50e3-3f6c-b718-035007d99558
Bruno Fernando,fernabr01,Bruno Fernando,5755f98d-ce12-359c-b7e7-9a784be28cd2
Willie Cauley-Stein,caulewi01,Willie Cauley-Stein,65e5cdeb-02f4-3cb7-89ac-93bc2e7f5ab8
Kelly Olynyk,olynyke01,Kelly Olynyk,69fee277-49f2-3605-be55-cc740500009a
Robin Lopez,lopezro01,Robin Lopez,fa6e25f5-65a1-3a77-b38d-900fcf73aba9
Damian Jones,jonesda03,Damian Jones,0e2f15a3-d4a1-3733-9608-1afa0c2fb74a
Frank Kaminsky,kaminfr01,Frank Kaminsky,12e764eb-f686-3362-8534-a0b2af4575c1
Khem Birch,birchkh01,Khem Birch,88018fde-d75b-3bb2-973c-e5f3ea12af7e
Alen Smailagic,smailal01,Alen Smailagić,65bc1097-85d4-3bc6-a2fc-2ee9b9e314a4
D.J. Wilson,wilsodj01,D.J. Wilson,932c5bf0-86b5-3c55-a21b-77a8791be95e
Marquese Chriss,chrisma01,Marquese Chriss,2e4c59d5-6a63-3142-860c-2c3d3a60b105
Meyers Leonard,leoname01,Meyers Leonard,dbf704d0-8dbd-390e-b853-ecf2c856692a
Goga Bitadze,bitadgo01,Goga Bitadze,cba1d489-0857-3f4b-9905-f11dcffab01b
Norvel Pelle,pelleno01,Norvel Pelle,9ea8cd1e-b8b1-3669-bd1b-b7100070d8ef
TJ Leaf,leaftj01,T.J. Leaf,a7fcba90-d91c-3666-9fe0-eed1d3bb3f22
Guillermo Hernangomez,,,d59033a2-452c-3bf4-92c6-92a22369a929
Mike Muscala,muscami01,Mike Muscala,5b9cf5d1-667d-3032-ae3c-4a563d0d2675
Chris Silva,silvach01,Chris Silva,a6b4e533-1f5e-321a-aa02-3cdd6544a18f
Cheick Diallo,diallch01,Cheick Diallo,63724f42-7390-3c2a-8ddb-32878a997ec0
Kyle O'Quinn,oquinky01,Kyle O'Quinn,20da6218-5bfa-3be8-b3a7-f2c753bd56de
Amile Jefferson,jeffeam01,Amile Jefferson,e2809c1e-981d-3291-863e-3ddadc7f5e86
Omari Spellman,spellom01,Omari Spellman,2683463a-f18b-36e3-ae98-59e0d005fc39
Jonah Bolden,boldejo01,Jonah Bolden,d70e2b6e-325c-3959-954c-4e1705b7eccd
Dragan Bender,bendedr01,Dragan Bender,6f7090a7-74d9-3991-aa4a-47bbef327db2
Deandre Ayton,aytonde01,Deandre Ayton,d44a46e8-639e-37be-a242-19f773148c5b
Alex Len,lenal01,Alex Len,d22a7f49-f846-3867-8555-640a43c2ade9
Justin Patton,pattoju01,Justin Patton,996f2e5f-18b8-393e-84c7-6efebe281bbf
Mohamed Bamba,bambamo01,Mohamed Bamba,4cfd3d06-77ec-3821-8486-a06a168811a6
Kevon Looney,looneke01,Kevon Looney,fc59208e-a97c-3e88-ab05-5d053d8fd9b5
Jaylen Brown,brownja02,Jaylen Brown,b2137fbd-436b-3ed4-9033-5d76b9bac9e5
Kevin Love,loveke01,Kevin Love,4e78fad7-e043-37bb-b242-016b818e40c3
Jayson Tatum,tatumja01,Jayson Tatum,cf279637-c035-3609-9770-e25cb08e4ca2
Enes Kanter,kanteen01,Enes Kanter,df1f4002-f4b5-385c-acb8-69120294a466
Collin Sexton,sextoco01,Collin Sexton,1a864dd2-20c2-3c1f-ac6f-20ff600d8baf
Kemba Walker,walkeke02,Kemba Walker,0b651ddb-abd2-384c-a2f6-d5d3276818f9
Daniel Theis,theisda01,Daniel Theis,7f4a0a0a-19f6-3abb-92dd-39ad1439fcad
Gordon Hayward,haywago01,Gordon Hayward,65a3cdd3-3d35-3b88-92c6-49b4660e61fc
Cedi Osman,osmande01,Cedi Osman,4c46496b-d694-3c82-a612-c1f4b03cc106
Kevin Porter,porteke02,Kevin Porter,6124d21c-2acd-3b6d-a43c-09291d285813
Tristan Thompson,thomptr01,Tristan Thompson,fa2e222d-ebe4-34a4-b855-eebd8bc24865
Matthew Dellavedova,dellama01,Matthew Dellavedova,eef42aea-0426-3167-b016-6fa5f261b2e1
Dante Exum,exumda01,Dante Exum,860ff9c6-1be7-3ccc-9de1-cace30fe1327
Brad Wanamaker,wanambr01,Brad Wanamaker,da169286-f15b-37cb-87fc-dedd295d7b7f
Ante Zizic,,,88647e22-9395-395d-82e6-d50cbd9e7e0d
Larry Nance,nancela02,Larry Nance,37d6a1f3-3424-3d7e-a875-d32de8df1dd4
Grant Williams,willigr01,Grant Williams,5481496e-6600-3e3d-9743-5acc6c3e6fc9
Darius Garland,garlada01,Darius Garland,1d5f9d49-12c5-3940-9e4d-a9f9cd8894c0
Romeo Langford,langfro01,Romeo Langford,c74d3435-9662-3be6-accf-bb3aa17f6cb4
Tremont Waters,watertr01,Tremont Waters,a235fbdd-b375-3d44-9645-3e39a8518d10
Javonte Green,greenja02,Javonte Green,ce2136d5-9551-3c8a-bb9b-0739a97b9b00
Alfonzo McKinnie,mckinal01,Alfonzo McKinnie,f7a43293-28bd-3107-a811-62807a70d4a0
Semi Ojeleye,ojelese01,Semi Ojeleye,11b4b324-4be0-3e32-b5f9-ffb7607c81b1
Carsen Edwards,edwarca01,Carsen Edwards,acd28a1a-7a45-3e3a-873c-5d3a56aa2193
C.J. McCollum,mccolcj01,CJ McCollum,5e53456d-894b-365b-a4cb-3ad8c3e9f15f
Bradley Beal,bealbr01,Bradley Beal,1508eab4-2391-3900-8c62-cab5cbbd4b83
Jrue Holiday,holidjr01,Jrue Holiday,09b841b3-d920-37ac-8caf-bcbc35fab625
Kyle Lowry,lowryky01,Kyle Lowry,e491c806-0994-3645-8a91-1235a3ef6a7e
Coby White,whiteco01,Coby White,4824e48d-958c-3c97-a8f6-4a470514569f
Tomas Satoransky,satorto01,Tomáš Satoranský,cc341f2d-96b5-3044-9aef-fa50313c0f22
Zach LaVine,lavinza01,Zach LaVine,50a0e9ce-23b4-385c-9aba-e02753d8f8a4
Jordan McLaughlin,mclaujo01,Jordan McLaughlin,158a07d9-3219-3236-aa2a-249ba476917a
Monte Morris,morrimo01,Monte Morris,0901f743-3e40-3a04-a5fa-0815dce6ddbf
Malik Beasley,beaslma01,Malik Beasley,108aa329-e022-3ba5-9aa8-9528ee659636
Jamal Murray,murraja01,Jamal Murray,374753d4-5e92-3dc1-ab73-4d50f6a17f7f
Lonzo Ball,balllo01,Lonzo Ball,49ea3ea1-d8ee-37ea-a19c-e05523433fbf
Ishmael Smith,smithis01,Ish Smith,163af117-c057-32f4-af56-80aef11e1284
Jarrett Culver,culveja01,Jarrett Culver,4de564f8-b4b3-3ead-8234-828d66f573f2
Langston Galloway,gallola01,Langston Galloway,e32840c6-2fbf-32d9-911c-db869c07e2ee
Brandon Knight,knighbr03,Brandon Knight,fd1f1819-e234-3c2f-bb8b-52844e819ba9
Gary Harris,harriga01,Gary Harris,4800315b-ad80-3b6b-9065-2c248e9cb19d
Bruce Brown,brownbr01,Bruce Brown,a36c8a84-8cf2-39d5-8c81-551b7ad567a2
Terence Davis,daviste02,Terence Davis,9057a8d6-e968-3683-babb-d2f8d6dc7d2d
Matt Thomas,thomama02,Matt Thomas,3984e2a8-d488-3970-a8b2-e5f60a2509ad
Fred VanVleet,vanvlfr01,Fred VanVleet,34253475-91e0-3cb2-83e7-9bf6dbaaa300
Derrick Rose,rosede01,Derrick Rose,39ac96ed-83c7-3ff5-b2ff-7a5f4f86c47b
Dejounte Murray,murrade01,Dejounte Murray,85da245b-f139-34b6-af53-e6f6ba4c4f7e
Patty Mills,millspa02,Patty Mills,867c8731-7bb4-3139-8007-9c822651799a
Shabazz Napier,napiesh01,Shabazz Napier,cf70d1a3-bb74-321b-b581-5480d2cfff5f
Bryn Forbes,forbebr01,Bryn Forbes,1e680b5b-e6ea-34a4-b274-05f1c40c74e4
Derrick White,whitede01,Derrick White,425171f4-0bf0-3090-8088-05e11660d38d
Jaylen Nowell,nowelja01,Jaylen Nowell,12741e13-b041-3a9e-98dc-7bb696ca867c
Shaquille Harrison,harrish01,Shaquille Harrison,6076717f-c6eb-34ee-93e0-003d071b867c
Anfernee Simons,simonan01,Anfernee Simons,58aa6e79-de05-3226-9d24-7dc2bdf1231c
Adam Mokoka,mokokad01,Adam Mokoka,4131bb88-9f43-39de-a1ed-a6b8ab6f203d
Malcolm Miller,millema01,Malcolm Miller,31269d7e-c5c1-384e-9f55-494a26cf5f17
PJ Dozier,doziepj01,PJ Dozier,8d0609c1-4ab3-345e-8c5d-00415b9eefd1
Gary Payton,paytoga02,Gary Payton,c2f5d773-da90-3276-be5a-5afa55336511
Nickeil Alexander-Walker,alexani01,Nickeil Alexander-Walker,b8a88d3d-3918-3586-affb-73f1b3e10de2
Derrick Walton Jr.,waltode01,Derrick Walton,4b702ca8-29df-3084-ae57-fda67e8ebbaf
Damian Lillard,lillada01,Damian Lillard,b3d79c64-a4e0-3d8e-8671-2b52acd7692e
Frank Jackson,jacksfr01,Frank Jackson,3c9f3a02-687e-3c5a-b4b4-dfefb56813e3
Khyri Thomas,thomakh01,Khyri Thomas,8b18c058-1986-3285-b1a1-a2f20488d659
Jordan Bone,bonejo01,Jordan Bone,2c776000-56f7-3ce1-af0d-97d71f89b9e9
Quinndary Weatherspoon,weathqu01,Quinndary Weatherspoon,6d4fd35f-ae59-3ce2-87ef-d5cdca7f48c1
John Wall,,,9ad46983-65f2-3488-aeb0-357d7420b41e
Rodney Hood,hoodro01,Rodney Hood,412d2dcc-2f7a-3e9a-af5a-91088517b754
Patrick McCaw,mccawpa01,Patrick McCaw,a4c015d8-49a4-39ca-9051-dccd0825bf19
Kris Dunn,dunnkr01,Kris Dunn,ced6aeb9-4366-3610-884d-230f75b1e2b0
Max Strus,strusma01,Max Strus,4e094198-ff9d-3554-be0f-5a252b2de803
Josh Gray,grayjo01,Josh Gray,4b78b03c-138f-3b00-8482-a1644df9b00b
Carmelo Anthony,anthoca01,Carmelo Anthony,e2c0403a-e5c3-3461-a932-a3ca2452436d
Thaddeus Young,youngth01,Thaddeus Young,34702a76-c770-3aeb-b5ce-2b9e77fd7ca0
Juan Toscano-Anderson,toscaju01,Juan Toscano-Anderson,3ca67342-aa2a-3e2a-8770-002bf9093c4d
Brandon Ingram,ingrabr01,Brandon Ingram,5d533c94-071d-3fa1-b64e-b541acab7713
Andrew Wiggins,wiggian01,Andrew Wiggins,bebd8d6e-688c-3759-be90-debb6b2480ef
Nicolo Melli,mellini01,Nicolò Melli,243d12d5-78cd-3398-ab7f-a37f178c6848
Davis Bertans,davised01,Ed Davis,c2e511fa-faf3-3467-8f93-f20c4eb5a087
Kelan Martin,martike03,Kelan Martin,bd7a0b48-af0a-3b9b-83b5-72ebedf99bac
Rudy Gay,gayru01,Rudy Gay,bdd4eb58-9072-3ed1-92c6-c791ccc2d494
Will Barton,bartowi01,Will Barton,907c02e0-697a-3655-81f6-2e53e162c1d8
Josh Okogie,okogijo01,Josh Okogie,d00538e8-b0fb-3c29-a044-fb3bb72a2078
Josh Hart,hartjo01,Josh Hart,7ec73858-446c-36c9-8c63-669a3c5db5c8
DeMar DeRozan,derozde01,DeMar DeRozan,f2396234-684a-3358-ba30-fdb0b4384fa9
Rondae Hollis-Jefferson,holliro01,Rondae Hollis-Jefferson,d744f921-86db-3a93-8ed1-610c7ecd2f70
Gary Trent Jr.,trentga02,Gary Trent,eb413d19-3a79-36ef-88d7-6ed8f54424d5
Marco Belinelli,belinma01,Marco Belinelli,c3445594-eedd-35ba-9c49-c870be359697
Ryan Arcidiacono,arcidry01,Ryan Arcidiacono,d849f662-e19f-363f-b08d-d80daaeea6b0
OG Anunoby,anunoog01,OG Anunoby,79237f6a-d625-3aa9-8967-aa0af3d8a9e9
Keldon Johnson,johnske04,Keldon Johnson,3790e787-fcbd-31ec-84bc-18e3d26b4fb4
Jerami Grant,grantje01,Jerami Grant,35154dd9-b806-3811-836f-6b31448bb592
Troy Brown Jr.,browntr01,Troy Brown,2b8af042-a266-367d-b767-a9d6dbfef722
J.J. Redick,redicjj01,J.J. Redick,745ad221-3bb7-372e-8d2d-925005bfeee5
Lonnie Walker,walkelo01,Lonnie Walker,294b644c-ed15-3dfb-a9c5-97efd1391848
Sekou Doumbouya,doumbse01,Sekou Doumbouya,75179b42-f214-31d8-85d9-eecf28491da3
Stanley Johnson,johnsst04,Stanley Johnson,8bd858f1-a62d-39d5-bb3c-b0987aeb1325
Juan Hernangomez,hernaju01,Juan Hernangómez,ddf4b8c0-4b30-397d-84e2-0e41a1b1bf70
Sviatoslav Mykhailiuk,mykhasv01,Sviatoslav Mykhailiuk,bd4a5d24-1151-3d2a-a9eb-7922bccbb57e
Wenyen Gabriel,gabriwe01,Wenyen Gabriel,bd296bfc-5446-364b-9672-b5b40464d6d5
Jerome Robinson,robinje01,Jerome Robinson,a5a7aef8-4ba2-381d-b333-a4a028d4d023
Tony Snell,snellto01,Tony Snell,d95c135b-aa58-3992-b208-660b47d49ddd
Trevor Ariza,arizatr01,Trevor Ariza,048e94a4-dc38-3f66-b8a9-789019a8b6f2
Oshae Brissett,brissos01,Oshae Brissett,ca8124a9-16bc-3467-afe7-c78388f6e395
Torrey Craig,craigto01,Torrey Craig,be3a564d-68b2-3f54-b1ce-879913b6bf6f
Michael Porter,portemi01,Michael Porter,cab24f81-010b-3dfa-8753-cb55162f4f52
E'Twaun Moore,mooreet01,E'Twaun Moore,8fbb9965-d2f5-3b22-b777-b990555573fc
Paul Watson,watsopa01,Paul Watson,8354baf6-1d86-3b93-9108-071d03f89ffa
Isaac Bonga,bongais01,Isaac Bonga,869fc693-533c-3834-9f91-bf04323934c3
Mario Hezonja,hezonma01,Mario Hezonja,78231af1-8370-31e9-8fdc-82cdcaea0dbf
Isaiah Roby,robyis01,Isaiah Roby,491b0f43-18de-3d57-9334-e86711323af7
Nassir Little,littlna01,Nassir Little,9ff4d1c4-4203-3fcb-9ec1-9306c58ccdbb
Jordan McRae,mcraejo01,Jordan McRae,555e594b-f277-3e14-8f9f-ecf37c8c4bbd
Jake Layman,laymaja01,Jake Layman,9e06fee0-21da-3185-86ed-547649c78c74
Chandler Hutchison,hutchch01,Chandler Hutchison,41558ff6-602c-3609-97e3-2785b9508ac8
Denzel Valentine,valende01,Denzel Valentine,0cdba914-5e4c-3374-ab24-c00ca0574f91
Louis King,kinglo02,Louis King,c3050584-69c6-3973-9e9f-685a52012de3
Kenrich Williams,willike04,Kenrich Williams,b83e2fe2-8302-34fa-bb4d-10df1e1d7761
Keita Bates-Diop,bateske01,Keita Bates-Diop,3f0512f3-0140-3a9c-a6aa-bcc03d26ab41
Jarred Vanderbilt,vandeja01,Jarred Vanderbilt,6b32bda9-4e6f-39bc-a396-bee1013cb366
Admiral Schofield,schofad01,Admiral Schofield,be14ea20-f96f-3204-9005-fbf0a81b01af
Otto Porter,porteot01,Otto Porter,37fdd141-1540-3a54-92ee-31298defc3fc
Norman Powell,powelno01,Norman Powell,5e60d0aa-69a8-3205-a65d-fe7fded67650
Lauri Markkanen,markkla01,Lauri Markkanen,ef97e86a-13be-3cae-a397-2c5a9946361e
Zylan Cheatham,cheatzy01,Zylan Cheatham,f69865e1-227a-3675-8a84-8c7dc430b8d5
Luke Kennard,kennalu01,Luke Kennard,7aea7ef8-5cae-3fd3-8b4a-8828ea3cb189
Luka Samanic,samanlu01,Luka Šamanić,a4f5df23-0a76-31bf-a7dd-12a2a5618e99
Darius Miller,,,ce76118e-3ea7-33c5-9fc1-fb0dff2450a6
Jaylen Hoard,hoardja01,Jaylen Hoard,37c23ef2-2d38-31c7-be91-39cf198a05e8
Vlatko Cancar,cancavl01,Vlatko Čančar,805e1e38-270f-3c15-bb3b-01fd17d6d43a
Garrison Mathews,mathega01,Garrison Mathews,875cb99a-6a6d-3ff3-903f-6072a9219c43
Hassan Whiteside,whiteha01,Hassan Whiteside,bd92a0e1-1f20-39f3-84c8-f0ccc81f883c
Nikola Jokic,jokicni01,Nikola Jokić,2a00948e-ecfd-3fd1-953a-8a5ee97f801c
Christian Wood,woodch01,Christian Wood,c2b1b08f-1ddd-3e0f-ad32-df8c4050ad3f
Zion Williamson,willizi01,Zion Williamson,27d05fe8-4f78-3b5d-96bc-6de4eb4eda44
Paul Millsap,millspa01,Paul Millsap,35bfc60e-9399-342b-9944-96072a53da66
Serge Ibaka,ibakase01,Serge Ibaka,ae1f0478-db09-3c8a-837c-1750e4c80171
Chris Boucher,bouchch01,Chris Boucher,02a77da9-c1da-305d-8470-c1a7b3666433
Pascal Siakam,siakapa01,Pascal Siakam,ff4e20b3-ec1e-398d-b210-d2f210404026
John Henson,hensojo01,John Henson,346d9f9b-5cdc-3132-8ccc-8307e85f0c52
Rui Hachimura,hachiru01,Rui Hachimura,59d8bf22-483d-33d0-8ba1-41f55e2651ca
Derrick Favors,favorde01,Derrick Favors,86743774-f5a7-3b25-890c-db0ba253d0f9
Naz Reid,reidna01,Naz Reid,f0208f20-3c0f-3461-be8d-e10c5b270f10
Jakob Poeltl,poeltja01,Jakob Poeltl,7e0bd975-9ce1-3d88-a33b-e56c81463e5b
Mason Plumlee,plumlma01,Mason Plumlee,5203e083-b211-3876-8019-c5a4c0c6342a
Daniel Gafford,gaffoda01,Daniel Gafford,fdc86827-6071-308e-aedc-4141e7d0fa39
Cristiano Felicio,feliccr01,Cristiano Felício,7ea97eab-ed2b-3aba-8be0-73780bbfb05e
Trey Lyles,lylestr01,Trey Lyles,b0f9aa07-6a8c-3802-b289-6d886e48f310
Thon Maker,makerth01,Thon Maker,4a05a107-aabd-3998-9216-c9f336403d1a
LaMarcus Aldridge,aldrila01,LaMarcus Aldridge,5cbca0ae-da75-3ba5-a07f-15086c1d8f2b
Thomas Bryant,bryanth01,Thomas Bryant,065b0748-40cc-3ecc-b036-87301d2e5cdf
Chimezie Metu,metuch01,Chimezie Metu,01cf52af-c64f-3134-8d54-b1caa49f7d64
Moritz Wagner,wagnemo01,Moritz Wagner,dd2a1fda-6558-371a-8460-6f40621b11f4
Ian Mahinmi,mahinia01,Ian Mahinmi,4d43f234-2c48-3827-b160-de09ff5720a9
Noah Vonleh,vonleno01,Noah Vonleh,e7531090-8180-387d-bb69-0aec36f4138d
Jaxson Hayes,hayesja02,Jaxson Hayes,49abf7ee-e013-3fb6-8481-ba31d3217993
Karl-Anthony Towns,townska01,Karl-Anthony Towns,c6ae8091-4ae4-3e6e-90c9-21a634921c2a
Jahlil Okafor,okafoja01,Jahlil Okafor,06d932d0-55fe-3ee9-aafc-f2d7de8b8b45
Wendell Carter Jr.,cartewe01,Wendell Carter,85c8633a-56c7-3023-82ed-809dd46c017a
Jusuf Nurkic,nurkiju01,Jusuf Nurkić,c78b083a-1a68-35e3-bf07-f780ed52be60
Anzejs Pasecniks,pasecan01,Anžejs Pasečņiks,907ad492-5739-3f55-99b3-5161d3886ed7
Caleb Swanigan,swanica01,Caleb Swanigan,7b1e397f-196e-31ba-8dac-184e8fe94ead
Drew Eubanks,eubandr01,Drew Eubanks,c6fb4c93-d5a4-3e53-a9b7-b6b228ee6c40
Zach Collins,colliza01,Zach Collins,c79ddeb9-54bc-30f8-8d94-6246b1cd9564
Moses Brown,brownmo01,Moses Brown,14653d5f-36b4-3bf1-9aa2-f495b33825af
Luke Kornet,kornelu01,Luke Kornet,467e994b-f423-32a3-b354-59493a061c91
Dewan Hernandez,hernade01,Dewan Hernandez,3754fa7c-4a70-38e3-86f4-64ce9738abd3
Bol Bol,bolbo01,Bol Bol,04685493-451a-3cb8-887c-d4073e378ef5
Johnathan Williams,willijo04,Johnathan Williams,eeef76e6-ac7a-33a4-8816-75f5fc7a1706
Blake Griffin,griffbl01,Blake Griffin,22e17559-b800-37b5-9ed7-0a8d030dcb93
Marc Gasol,gasolma01,Marc Gasol,7d2b1975-e023-390b-bfb1-f8efffca880b
Anthony Davis,davisan02,Anthony Davis,e889c894-7c22-3d31-922e-d5d17d93c449
LeBron James,jamesle01,LeBron James,23c662f2-2e9c-32fb-bf64-789e9342a794
Marcus Smart,smartma01,Marcus Smart,25305094-2484-317c-86e4-b4ad536903a5
Rajon Rondo,rondora01,Rajon Rondo,8f05b667-efd5-334e-bef3-294d02279f21
Kyle Kuzma,kuzmaky01,Kyle Kuzma,bfcbab09-94ee-3bde-8b76-2733c26710d5
Dwight Howard,howardw01,Dwight Howard,14601ffb-2bfe-313d-8f41-cf16bea2b15c
Kentavious Caldwell-Pope,caldwke01,Kentavious Caldwell-Pope,5afec845-b6f6-3df2-a338-6d582721321d
JaVale McGee,mcgeeja01,JaVale McGee,179b055b-ff3e-37ce-abc0-4b6ae8912cc4
Avery Bradley,bradlav01,Avery Bradley,3b6f5062-2114-348c-94dd-c0feb139ad57
Alex Caruso,carusal01,Alex Caruso,83df25d3-4248-3c01-a7a9-29788c012df9
Danny Green,greenda02,Danny Green,3edba55b-cb16-3bca-88c6-f35e9299a857
Louis Williams,willilo02,Lou Williams,9d92a605-2e89-32e5-9c63-5eb630bf1b0b
Patrick Beverley,beverpa01,Patrick Beverley,c9ca142c-402c-3c9a-aaf5-fe56f2bd723a
Amir Coffey,coffeam01,Amir Coffey,aa318ddc-f044-33dd-9aee-edcce0f234d1
Kawhi Leonard,leonaka01,Kawhi Leonard,36d5ec57-6ef3-31fa-ac1c-461f81903c5a
Tyrone Wallace,wallaty01,Tyrone Wallace,b5c9862d-6d3c-3305-a3be-3cf752cd526a
Maurice Harkless,harklma01,Maurice Harkless,f5bc0898-f07d-3d37-a9da-9f6b2a0f4199
Landry Shamet,shamela01,Landry Shamet,075cb1d1-b091-343d-9411-c18ad116bf76
JaMychal Green,greenja01,JaMychal Green,d6392f1d-a20a-31a5-8115-a188f41ab8c6
Rodney McGruder,mcgruro01,Rodney McGruder,571fb876-3f05-39a3-8ee0-6538ae0a59c6
DeMarre Carroll,carrode01,DeMarre Carroll,f98ec1e8-6c1c-36d5-acd2-305a5ca31b50
Terance Mann,mannte01,Terance Mann,45659f06-a9e6-3b89-a4c7-4316175bc265
Paul George,georgpa01,Paul George,59cb23e3-2d34-309c-a6be-9c2636ed431e
Montrezl Harrell,harremo01,Montrezl Harrell,30c45bc7-bdea-3238-9ed7-b8a57c17fc41
Patrick Patterson,pattepa01,Patrick Patterson,81069db7-6f9e-32e3-b13c-ccff7c44fca9
Ivica Zubac,zubaciv01,Ivica Zubac,4218c4c6-2e57-3710-9910-af4c099098bc
Mfiondu Kabengele,kabenmf01,Mfiondu Kabengele,709b66c2-01e5-38f9-96eb-660c2ffc4de5
Johnathan Motley,motlejo01,Johnathan Motley,79828d21-cac6-3bb5-8874-1fc223c48e94
Luka Doncic,doncilu01,Luka Dončić,f6430771-aa8b-3ca6-9086-9ba42eee9511
Delon Wright,wrighde01,Delon Wright,4b631277-800e-31d1-b156-5866f992d9a4
De'Aaron Fox,foxde01,De'Aaron Fox,0f3d80ae-144e-3fca-a001-f2265e01477d
Donovan Mitchell,mitchdo01,Donovan Mitchell,45ce9323-4f43-30bb-b0f4-dd33a3ec8c27
Kyrie Irving,irvinky01,Kyrie Irving,eeeaecfd-040d-3bb8-8bd0-ee04291ac66a
RJ Barrett,barrerj01,RJ Barrett,a73f2591-9905-3859-9e0a-bc6f2cffc737
Allonzo Trier,trieral01,Allonzo Trier,ea64d680-d72e-307e-9f40-691885cd3013
Spencer Dinwiddie,dinwisp01,Spencer Dinwiddie,d0427197-03e1-36fc-9e74-6261d5e47db7
Jalen Brunson,brunsja01,Jalen Brunson,6a3663d2-abdd-3736-bf2d-b5de22eba689
Ja Morant,moranja01,Ja Morant,643aa5e6-e547-3686-9c61-465401b18cae
Troy Daniels,danietr01,Troy Daniels,18d648e6-d078-3d9b-9d08-66002f48b061
Caris LeVert,leverca01,Caris LeVert,dec772b6-f6bf-31d0-b3ac-d5d6613d2913
Mike Conley,conlemi01,Mike Conley,08110c58-3d05-3688-bf01-be90d6bf792c
Emmanuel Mudiay,mudiaem01,Emmanuel Mudiay,5b8f4f75-962b-3d28-ad6d-065e7d7c3f7c
Elfrid Payton,paytoel01,Elfrid Payton,00f37cae-41e7-3fb1-aaee-bad771bebbe0
Jeff Teague,teaguje01,Jeff Teague,eba3cb0b-24b3-3342-ab0d-019c678c7f08
Cory Joseph,josepco01,Cory Joseph,3ad54df6-20e6-3e5f-a089-b274cc48709c
Seth Curry,curryse01,Seth Curry,fc381e1d-3e6c-3a5e-9546-e35c5d4d3301
Grayson Allen,allengr01,Grayson Allen,03678527-e248-384a-8a97-eedf582a07c0
Tyus Jones,jonesty01,Tyus Jones,4dcae325-e207-3b8b-ae08-d9765e78cb1f
Chris Chiozza,chiozch01,Chris Chiozza,0d4f7124-bd02-35a2-964e-7857120f2eb8
Quinn Cook,cookqu01,Quinn Cook,8d412ee7-c7b8-3213-a097-90ea22fcab10
Yogi Ferrell,ferreyo01,Yogi Ferrell,07dea53b-31bb-35f9-80a8-ab6cc936b733
Dennis Smith Jr.,smithde03,Dennis Smith,7363be58-1893-3117-8432-cb5d17bd41a3
Zach Norvell Jr.,norveza01,Zach Norvell,e75776b7-6071-3a83-a0e5-85ca9cadc244
Nigel Williams-Goss,willini01,Nigel Williams-Goss,72ae1e50-0f38-395a-aa99-730675fbdd42
Frank Ntilikina,ntilila01,Frank Ntilikina,d9e1a42b-95ff-37f6-869e-f56b6e21a162
De'Anthony Melton,meltode01,De'Anthony Melton,99b49e4c-e3c2-37e7-a3d0-c7ef5e00eb4c
Justin Robinson,robinju01,Justin Robinson,d9f2e8e4-20ae-3978-8c41-7086a2fd08ae
Jose Barea,,,77df88d2-c50f-3bb5-ba50-00ff70301d94
Isaiah Thomas,thomais02,Isaiah Thomas,c6c4257f-1034-377b-853d-9985a92852c7
Antonius Cleveland,clevean01,Antonius Cleveland,5301e705-c9df-368f-aaf9-2134d29e2705
John Konchar,konchjo01,John Konchar,4f06019d-15ba-3223-b149-a981e247cbe4
Justin Wright-Foreman,wrighju02,Justin Wright-Foreman,b49d38cd-f004-3d09-9014-af064270f883
Kadeem Allen,allenka01,Kadeem Allen,84ce4437-7912-3757-a4eb-6d0bc6526895
Devon Hall,hallde01,Devon Hall,7db94f35-2381-3e6e-a48a-48c11c77baa6
Josh Reaves,reavejo02,Josh Reaves,3a9d662a-ecc8-3729-9fde-101936defc47
Kyle Guy,guyky01,Kyle Guy,fd2c5824-84d7-31ea-89c9-6d2830cd7d58
DaQuan Jeffries,jeffrda01,DaQuan Jeffries,fd3b36a9-0d8f-328d-baf7-31ccb4e56a85
Shamorie Ponds,pondssh01,Shamorie Ponds,ca960ef6-3153-366c-9f37-7a71b746e64f
Ignas Brazdeikis,brazdig01,Ignas Brazdeikis,f9f8f5b4-38ef-3c1b-b457-d9de1a8ac1c7
Kent Bazemore,bazemke01,Kent Bazemore,e1cc64e7-a470-317d-9839-025202e0d3af
Jae Crowder,crowdja01,Jae Crowder,4a3e65df-9f54-372b-a49c-d411efd66bd3
Buddy Hield,hieldbu01,Buddy Hield,e1c8987c-16aa-3781-8b8f-c6c830b24633
Bogdan Bogdanovic,bogdabo01,Bogdan Bogdanović,898366b1-b37a-380f-890b-71643fce3968
Kyle Anderson,anderky01,Kyle Anderson,c8a6033e-5aa4-3f03-8f91-30b54c16f825
Kevin Knox,knoxke01,Kevin Knox,b35d5baf-9079-3b75-970c-671ca5a9f4b1
Harrison Barnes,barneha02,Harrison Barnes,93333fdb-89b1-35f6-9985-56122f525208
Joe Harris,harrijo01,Joe Harris,22c8aff7-fc87-3ad0-ad6a-3fe198edb6c2
Nemanja Bjelica,bjeline01,Nemanja Bjelica,6561156b-5624-3228-bcb3-fd63dc8f938a
Taurean Prince,princta02,Taurean Waller-Prince,69609d5d-7b2a-3c7f-9eae-1347b89a5659
Dorian Finney-Smith,finnedo01,Dorian Finney-Smith,acf12beb-463d-3120-8759-56f49032fa5d
Rodions Kurucs,kurucro01,Rodions Kurucs,9c513d9a-54b6-34d2-af04-e0c6d5b9a7a6
Dillon Brooks,brookdi01,Dillon Brooks,10f8b529-ee7c-3702-a036-ee35d5aa15a7
Robert Covington,covinro01,Robert Covington,f9f8f101-f90a-34e8-8623-d9354e65a68b
Marcus Morris,morrima03,Marcus Morris,d1af94af-d9ac-3bd1-aa40-6e047291bc1c
Treveon Graham,grahatr01,Treveon Graham,45215691-1eb9-3125-9a98-10a85bad5a7e
Garrett Temple,templga01,Garrett Temple,4ba62cda-184a-36a5-99c2-ca8a757d673e
Georges Niang,niangge01,Georges Niang,d5db383b-767f-36a5-b00e-88eae64da0ea
Tim Hardaway Jr.,hardati02,Tim Hardaway,6c97ed7f-3dec-3cde-a884-8e44f87b46f7
Wayne Ellington,ellinwa01,Wayne Ellington,2e44f378-360c-3734-8d78-54485d6206c3
Royce O'Neale,onealro01,Royce O'Neale,1ce9ba43-4f4a-39b6-9728-e5587e490791
Marko Guduric,gudurma01,Marko Guduric,9274e649-3361-3c2b-aecf-228fc38234be
Jeff Green,greenje02,Jeff Green,86a1f5a0-c79c-34d8-99bc-800a7b148012
Joe Ingles,inglejo01,Joe Ingles,fe9c5621-fea8-3c20-842a-4595b48ca89f
David Nwaba,nwabada01,David Nwaba,27fcd646-7513-3dfa-8040-0b06a4512a4c
Justin Jackson,jacksju01,Justin Jackson,501f62fa-abbc-3e82-b485-8b65d9a1e2a7
Jarrell Brantley,brantja01,Jarrell Brantley,35268a8f-cc39-3836-aba8-ff6b518cc142
Anthony Tolliver,tollian01,Anthony Tolliver,c237b1f9-615c-3d28-842b-df28480ad988
Justin James,jamesju01,Justin James,d433f5ac-c39a-3f80-8844-a86092ec4bca
Courtney Lee,leeco01,Courtney Lee,9bff2bcd-884a-3b14-b366-a42ad1101ffe
Stanton Kidd,kiddst01,Stanton Kidd,36d6b7ef-8f6a-39d5-87b5-4af9ea34ad83
Jared Dudley,dudleja01,Jared Dudley,b8271005-ee65-3328-96fd-238e8f2caffc
Kostas Antetokounmpo,antetko01,Kostas Antetokounmpo,4457909c-39cb-3227-ab14-f7fde73f4a9f
Ryan Broekhoff,broekry01,Ryan Broekhoff,a4d98171-e952-3f29-b1d4-74377ed01696
Damyean Dotson,dotsoda01,Damyean Dotson,5fbcd1ff-1ca6-361b-85f1-d7de306fded7
Dzanan Musa,musadz01,Džanan Musa,064115b8-9d5c-3e9b-a9b4-1426ba5d2135
Wilson Chandler,chandwi01,Wilson Chandler,27b2cd6a-056a-3366-b788-f18d15a383d4
Solomon Hill,hillso01,Solomon Hill,5a35427e-3542-3928-b4d4-fd8132a794d4
Theo Pinson,pinsoth01,Theo Pinson,28f5ecab-44b5-3e42-a030-79ba7989aebe
Kevin Durant,,,fa002694-9b04-34e6-b4b4-67a6c2560d7b
Reggie Bullock,bullore01,Reggie Bullock,26394769-b39e-3fc9-85e0-b1d927e3d1d4
Miye Oni,onimi01,Miye Oni,2af36602-c493-3374-8ef8-6b7180016d49
Bojan Bogdanovic,bogdabo02,Bojan Bogdanović,521e918d-3fb8-3fbf-b887-1b212f4e9758
Yuta Watanabe,watanyu01,Yuta Watanabe,bc878663-7246-37cf-b87a-1e8f2d7c31a5
Talen Horton-Tucker,hortota01,Talen Horton-Tucker,5391b85e-6aa7-3893-9cc0-22115c59d60a
C.J. Miles,milescj01,C.J. Miles,f14bd67d-136b-360f-8334-f81275d9ca81
DeMarcus Cousins,,,67f4eab2-7670-3723-9ff9-ef24c30fde78
Andre Iguodala,iguodan01,Andre Iguodala,19bb9ae5-a0eb-343c-959b-5caa448d355a
Josh Jackson,jacksjo02,Josh Jackson,08b73a8e-fadc-35f5-83f0-e8cccac6f64e
Jaren Jackson,jacksja02,Jaren Jackson,d3c92f65-2c90-3ac8-8db1-f46e786e05d5
Kristaps Porzingis,porzikr01,Kristaps Porziņģis,bdb99c5b-c245-3fe9-8422-13bd94b2b7f9
Julius Randle,randlju01,Julius Randle,dca33814-7048-3749-b3c6-69c7dfba245c
Brandon Clarke,clarkbr01,Brandon Clarke,eeb4fce0-7b87-3131-b915-5a1d1e2bb173
Jonas Valanciunas,valanjo01,Jonas Valančiūnas,6da28883-232f-35cf-954e-19b2339ea581
Rudy Gobert,goberru01,Rudy Gobert,1a2c39e5-a74c-3264-b9d3-8218aa797ab2
Mitchell Robinson,robinmi01,Mitchell Robinson,ea89aca7-7680-3987-af29-5b066ff61173
Maxi Kleber,klebima01,Maxi Kleber,abd67313-99a4-30c9-be0e-f448981e9850
DeAndre Jordan,jordade01,DeAndre Jordan,cc438f5a-2014-302a-b260-2ae576be8073
Jarrett Allen,allenja01,Jarrett Allen,d960c5ea-0c69-3df9-a5f4-2c247ef747f4
Richaun Holmes,holmeri01,Richaun Holmes,8120d81c-d822-3b0c-95cd-8934bf2ab2c7
Robert Williams,williro04,Robert Williams,af9b7c66-c228-3008-b940-2e771c117ba6
Dewayne Dedmon,dedmode01,Dewayne Dedmon,b9a08348-610e-3d5c-9c3c-deb844e04596
Taj Gibson,gibsota01,Taj Gibson,19014e9a-b286-326e-885e-3daefb92b6ce
Jordan Bell,belljo01,Jordan Bell,24fc7055-6c9e-3b16-a9c9-7eb01734bfe7
Ed Davis,davised01,Ed Davis,7bec64f3-6b84-310d-b1dd-9657dbf4fc3e
Bobby Portis,portibo01,Bobby Portis,bad0a0ab-1b74-3de3-b90f-f3b76781b309
Tony Bradley,bradlto01,Tony Bradley,f2cd591f-f8b7-3aa6-87ad-fcee0b0b355a
Gorgui Dieng,dienggo01,Gorgui Dieng,e0fbd114-7cf5-3d84-bc54-936e3b974bf3
Skal Labissiere,labissk01,Skal Labissière,ca6ad1f7-cd82-3fc2-b998-7a01d75d1996
Boban Marjanovic,marjabo01,Boban Marjanović,05ba33aa-0235-3757-8129-8013bdcf016e
Vincent Poirier,poirivi01,Vincent Poirier,3db001bf-79ce-3261-83c8-0adbf6940e79
Bruno Caboclo,cabocbr01,Bruno Caboclo,534aa67c-aea4-36f0-b8cf-7b71ee3d0173
Harry Giles,gilesha01,Harry Giles,bbe075f7-d69e-32a5-bb75-018acf27f463
Marvin Bagley,baglema01,Marvin Bagley,8d1aacc7-15fc-338c-b710-02ba139d55d1
Ivan Rabb,,,46f86756-6530-3763-a5e9-0835ffd8aab6
Tacko Fall,fallta01,Tacko Fall,ed8bf0b2-4ec1-3f01-bde8-8635d80a731f
Pau Gasol,,,dd584336-6b92-36ce-866b-8d73e331c157
Nicolas Claxton,claxtni01,Nicolas Claxton,e29fc67b-a0f2-342d-97be-af7ab17e67b8
Dwight Powell,poweldw01,Dwight Powell,bdb5fcb8-77de-37ac-8365-daa846246918
Henry Ellenson,ellenhe01,Henry Ellenson,e3898f10-b6ab-3571-9736-a2496468f2a9
Reggie Jackson,jacksre01,Reggie Jackson,ddf66c1b-dad6-3d8c-b27f-64db0687f1b3
Jordan Clarkson,clarkjo01,Jordan Clarkson,ae903241-c7b3-3b18-b8dd-436837df0d87
Gabe Vincent,vincega01,Gabe Vincent,19839d1b-e706-376d-a011-86305f4c3f73
Sindarius Thornwell,,,1bcf8160-4cfe-3185-96dd-b027ba4f8d49
Juwan Morgan,morgaju01,Juwan Morgan,e3b54738-1dae-3404-afd1-74d5f6a78700
J.R. Smith,smithjr01,J.R. Smith,fc76795a-2085-3727-9c61-5a2bb36e1c65
Rayjon Tucker,tuckera01,Rayjon Tucker,581b029c-79a5-30fe-a506-989ad4f06585
Devontae Cacok,,,05552277-bc70-385f-b64a-ffab908e459d
Markieff Morris,morrima02,Markieff Morris,3af1bb16-b6d8-3e62-acb5-711ad336b42e
Joakim Noah,noahjo01,Joakim Noah,85ca079c-9506-389c-832a-8de0ec62998a
Tyler Cook,cookty01,Tyler Cook,2633f1a9-b1f1-3186-a602-5f8d1c4d393a
Kyle Alexander,alexaky01,Kyle Alexander,5b6b8a7d-dfdf-322a-881c-d7830c9bb4c0
Russell Westbrook,westbru01,Russell Westbrook,438fe57b-82e4-3f08-84fb-553f84ec14ec
James Harden,hardeja01,James Harden,d24d0f75-4ff6-3dad-9bb1-d4379e401716
Tim Frazier,fraziti01,Tim Frazier,f9235817-e478-31e0-94fc-f268a4a03ac8
Austin Rivers,riverau01,Austin Rivers,03325ed1-e10c-3dbd-ad08-fbd3c60cb243
Chris Clemons,clemoch01,Chris Clemons,e269808d-a8f4-3b23-89b3-b3704b9ba3b5
Michael Frazier,frazimi01,Michael Frazier,6fb9c889-f31d-3735-b1b6-00ef3533f006
P.J. Tucker,tuckepj01,P.J. Tucker,1b0bc5df-4ba8-3bc6-8b0e-efff587d9e09
Danuel House,houseda01,Danuel House,5dacef5d-699a-3f0f-b2af-74e860fff4c1
Eric Gordon,gordoer01,Eric Gordon,99100009-2a67-3434-ac53-b412929d0703
Ben McLemore,mclembe01,Ben McLemore,ed741818-485f-39da-8f13-2e48961908cb
Thabo Sefolosha,sefolth01,Thabo Sefolosha,f3cf4e9d-5a76-313b-88e6-625e1b181370
Gerald Green,,,99259d2f-21cb-3d3f-90f9-26513759eed5
Andre Drummond,drumman01,Andre Drummond,8f61f094-d304-3fb5-8190-e9d26f42756d
Clint Capela,capelca01,Clint Capela,8ecd9a27-c8f0-30a5-a943-3e0acd900120
Tyson Chandler,chandty01,Tyson Chandler,1927b183-942d-364c-80d9-11df6254dc7c
Gary Clark,clarkga01,Gary Clark,a74ae8e2-816a-368d-98c9-f4bf679c990a
Ryan Anderson,anderry01,Ryan Anderson,43e2c104-1e94-3b33-8b5a-ed6912a77522
Nene Hilario,,,a528ae50-034c-3af2-b28b-b621cfa1a4a9
Isaiah Hartenstein,harteis01,Isaiah Hartenstein,3dd13a23-0a70-3078-875b-7fbb1c5a2067
Dylan Windler,,,a8850af2-a0c4-3441-9c95-75057c3974d4
Timothe Luwawu,luwawti01,Timothé Luwawu-Cabarrot,8adb476f-e17f-3894-9bca-9a5ba7170461
Dean Wade,wadede01,Dean Wade,ef2c0f9b-e30b-3f0d-98e3-591d71858cfe
Matthew Mooney,moonema01,Matt Mooney,f9be536d-a01f-3f8b-8f5c-43d32ec3f726
Jeremiah Martin,martije02,Jeremiah Martin,6d9a10c0-1143-33d7-837a-8bc94d8ec924
William Howard,howarwi01,William Howard,edabacb0-a6fa-3b90-adf5-11910566650d
Tariq Owens,owensta01,Tariq Owens,1bef0d2e-a4ef-38ee-9945-2b31e6d1475b
Ray Spalding,,,d761ff2e-0b3f-3ce3-95b3-a50cab06f119
Kenny Wooten,,,e0cb4bf6-ba27-3d3e-8355-b2c42e5c2a18
Jeremy Pargo,pargoje01,Jeremy Pargo,72d2cf2b-68a9-31c6-bc61-998c2b94a2d7
Jerian Grant,grantje02,Jerian Grant,8dd75569-96a4-3116-9719-67a6ef72054f
Jarrod Uthoff,uthofja01,Jarrod Uthoff,1e8aa748-b505-3fd9-badd-be0cb19d324d
Tyler Zeller,zellety01,Tyler Zeller,4c8aeab2-9e72-3efd-bcff-b0c9ae85f153
Jontay Porter,,,bdfb6bd0-6279-3c34-a344-57eae2302a22
Cameron Payne,payneca01,Cameron Payne,a5142956-2399-3082-9d1c-e22379992985
Jamal Crawford,crawfja01,Jamal Crawford,8bb0f21a-3afb-3375-8cc5-9dea99c243ef
Jaylen Adams,,,47cc6377-998c-329c-8d80-2eff0c34e240
Corey Brewer,breweco01,Corey Brewer,fcb4f87b-e7ff-34bd-a535-d5551da163cd
Justin Anderson,anderju01,Justin Anderson,7a81c64f-6f2b-35d6-bfe7-a6fa8e7ab8f1
Vic Law,lawvi01,Vic Law,3512dfc5-416d-3e57-b0b7-bda78fa6facd
Lance Thomas,thomala01,Lance Thomas,c547dca8-2ac9-39b4-b602-529e16a8f7db
Luc Mbah a Moute,,,0f043e63-3b9f-3011-b5d1-692857ec5bd7
Donta Hall,halldo01,Donta Hall,575612cc-96d2-36fc-8a24-a10957531d5d
Malik Newman,newmama01,Malik Newman,a3877d55-b1d2-3290-8289-778cba573cb1
Joe Chealey,chealjo01,Joe Chealey,bf9409df-4651-386f-a38d-3c5fb0aacdcb
Dusty Hannahs,hannadu01,Dusty Hannahs,d3920e1b-9fed-3fcb-bca8-a742d2c3b90d
Iman Shumpert,shumpim01,Iman Shumpert,28c4ed19-2c80-38d3-afd6-44d2bc0935e8
Mychal Mulder,muldemy01,Mychal Mulder,1e24ee4e-8121-36eb-b099-db6d7e8f9822
Sir Dominic Pointer,,,505f5e99-9a53-3273-a78b-b5033aa2d7e7
Levi Randolph,,,4c6ab45f-af95-3cf9-801e-cf5d3ca16c17
Chasson Randle,randlch01,Chasson Randle,c4a78fbc-deff-3fb4-ae67-bf330b49069b
Sheldon McClellan,,,80c22876-f914-3f44-9fed-7fc18943540f
Eric Mika,mikaer01,Eric Mika,195feff4-5529-3a3e-bab9-5aa25cbb31ae
Marques Bolden,boldema01,Marques Bolden,cd8d9e24-49bb-3c4e-ac84-c261ec15fd5e
J.P. Macura,macurjp01,J.P. Macura,63cfaf36-4858-3ca7-a83e-5b18454d88cc
